id,title,score,num_comments,author,created_utc,url,over_18,edited,spoiler,stickied
1e9zo7h,Sweat equity,101,27,Sebros9977,2024-07-23 05:13:54,https://i.redd.it/dvub283nc7ed1.jpeg,False,False,False,False
1e9rjum,Migrating from Snowflake to Databricks using dbt?,81,12,MakitaNakamoto,2024-07-22 22:32:30,https://i.redd.it/oiu92d21d5ed1.jpeg,False,False,False,False
1e9s9g1,You don't need Snowflake ‚ùÑ ,58,67,Data-Queen-Mayra,2024-07-22 23:02:57,https://www.reddit.com/r/dataengineering/comments/1e9s9g1/you_dont_need_snowflake/,False,False,False,False
1e9txka,Data pipeline testing- How/what do you guys do end-to-end data testing in your organization?,43,27,supreeth_cs,2024-07-23 00:17:08,https://www.reddit.com/r/dataengineering/comments/1e9txka/data_pipeline_testing_howwhat_do_you_guys_do/,False,False,False,False
1ea6xtx,Best Open Source Data Engineering Tools Built in Python?,19,9,Butterhero_,2024-07-23 12:46:08,https://www.reddit.com/r/dataengineering/comments/1ea6xtx/best_open_source_data_engineering_tools_built_in/,False,False,False,False
1e9s8b6,"First ""DE"" project",18,10,theotherlostsock,2024-07-22 23:01:39,https://www.reddit.com/r/dataengineering/comments/1e9s8b6/first_de_project/,False,False,False,False
1ea15r8,Synthetic Test Data.,9,5,tcfcfc,2024-07-23 06:50:06,https://www.reddit.com/r/dataengineering/comments/1ea15r8/synthetic_test_data/,False,False,False,False
1e9vkzf,Best way to monitor a database I don't own for completeness?,10,5,mywhiteplume,2024-07-23 01:35:57,https://www.reddit.com/r/dataengineering/comments/1e9vkzf/best_way_to_monitor_a_database_i_dont_own_for/,False,False,False,False
1e9ienm,"Do I ""need"" to add dlt+dbt to my Dagster+DuckDB stack?",9,6,thecity2,2024-07-22 16:22:07,https://www.reddit.com/r/dataengineering/comments/1e9ienm/do_i_need_to_add_dltdbt_to_my_dagsterduckdb_stack/,False,False,False,False
1ea3m0t,Best practices and process to Audit the data in Data engineering project,9,1,RK0235,2024-07-23 09:34:18,https://www.reddit.com/r/dataengineering/comments/1ea3m0t/best_practices_and_process_to_audit_the_data_in/,False,False,False,False
1ea37sc,Which data warehouse solution to use in Microsoft Azure,10,12,Electronic_Battle876,2024-07-23 09:07:27,https://www.reddit.com/r/dataengineering/comments/1ea37sc/which_data_warehouse_solution_to_use_in_microsoft/,False,False,False,False
1e9wdot,How can a data engineering major work as a political analyst? Any tips or experiences?,6,9,aaronclark384,2024-07-23 02:13:51,https://www.reddit.com/r/dataengineering/comments/1e9wdot/how_can_a_data_engineering_major_work_as_a/,False,False,False,False
1e9rb78,How would you architect and/or orchestrate this with Airflow/Cloud Composer?,5,1,__dog_man__,2024-07-22 22:22:23,https://www.reddit.com/r/dataengineering/comments/1e9rb78/how_would_you_architect_andor_orchestrate_this/,False,False,False,False
1e9j9z5,Data privacy courses ,6,4,Aymwafiq,2024-07-22 16:58:08,https://www.reddit.com/r/dataengineering/comments/1e9j9z5/data_privacy_courses/,False,False,False,False
1ea807s,Recommendations for Triplestores,5,2,No_Bid2289,2024-07-23 13:35:20,https://www.reddit.com/r/dataengineering/comments/1ea807s/recommendations_for_triplestores/,False,False,False,False
1ea427p,How can I get python scripts from company git server and run using apache nifi,5,2,UnfairTelevision494,2024-07-23 10:03:41,https://www.reddit.com/r/dataengineering/comments/1ea427p/how_can_i_get_python_scripts_from_company_git/,False,False,False,False
1ea1ick,Feedback on my new GCP project ,6,2,Elegant_Stable,2024-07-23 07:13:01,https://www.reddit.com/r/dataengineering/comments/1ea1ick/feedback_on_my_new_gcp_project/,False,False,False,False
1e9utjj,How would you have pyspark read past kinesis records?,5,0,ohoian,2024-07-23 00:59:20,https://www.reddit.com/r/dataengineering/comments/1e9utjj/how_would_you_have_pyspark_read_past_kinesis/,False,False,False,False
1e9ky4y,To Tribal Knowledge or not to Tribal Knowledge.,4,7,Technical-Rip9688,2024-07-22 18:05:26,https://www.reddit.com/r/dataengineering/comments/1e9ky4y/to_tribal_knowledge_or_not_to_tribal_knowledge/,False,False,False,False
1e9jxk3,Data Engg of LLM use cases for customer data,2,2,ephemeral404,2024-07-22 17:24:34,https://www.rudderstack.com/blog/two-prototypes-using-llms-with-customer-data/,False,False,False,False
1eaa9fo,Handling Out-of-Order Event Streams in Data Engineering: Ensuring Accurate Data Processing and Calculating Time Deltas,4,2,Typical-Scene-5794,2024-07-23 15:11:21,https://www.reddit.com/r/dataengineering/comments/1eaa9fo/handling_outoforder_event_streams_in_data/,False,False,False,False
1e9rvpw,"Out-of-the-box text processing: Entity extraction, resolution, and entity match scoring",3,0,Different-General700,2024-07-22 22:46:42,https://v.redd.it/g9393o4ff5ed1,False,False,False,False
1e9jfhf,Line of Business Use Cases for Data Lakehouse,3,1,markaaronfox,2024-07-22 17:03:59,https://www.reddit.com/r/dataengineering/comments/1e9jfhf/line_of_business_use_cases_for_data_lakehouse/,False,False,False,False
1ea44kz,Semantics and Data Product Enablement - A Practitioner's Secret,2,0,growth_man,2024-07-23 10:07:50,https://moderndata101.substack.com/p/semantics-and-data-product-enablement,False,False,False,False
1e9yw2z,Other Job Titles for Entry Level / Junior Data Engineer?,2,3,just_a_ladyboi,2024-07-23 04:26:24,https://www.reddit.com/r/dataengineering/comments/1e9yw2z/other_job_titles_for_entry_level_junior_data/,False,False,False,False
1e9yw0r,How does Apache Spark read data from a kinesis stream when a timestamp is specified?,2,0,ohoian,2024-07-23 04:26:18,https://www.reddit.com/r/dataengineering/comments/1e9yw0r/how_does_apache_spark_read_data_from_a_kinesis/,False,False,False,False
1e9wuy9,Spark UI did not show job ,2,0,ptran00,2024-07-23 02:37:14,https://www.reddit.com/r/dataengineering/comments/1e9wuy9/spark_ui_did_not_show_job/,False,False,False,False
1e9p3b4,Choosing a Cloud-Agnostic Metadata Store with Cross-Platform Querying,2,0,SeaworthinessDue8121,2024-07-22 20:51:40,https://www.reddit.com/r/dataengineering/comments/1e9p3b4/choosing_a_cloudagnostic_metadata_store_with/,False,False,False,False
1e9klzp,How does AWS Glue distribute workloads across DPUs?,2,2,naruto_believe12,2024-07-22 17:51:53,https://www.reddit.com/r/dataengineering/comments/1e9klzp/how_does_aws_glue_distribute_workloads_across_dpus/,False,False,False,False
1eab7gh,Local testing strategy for Spark based ETL jobs?,2,3,the_iconik,2024-07-23 15:48:21,https://www.reddit.com/r/dataengineering/comments/1eab7gh/local_testing_strategy_for_spark_based_etl_jobs/,False,False,False,False
1eaa9gm,Incremental load LH Microsoft Fabric,2,1,ThatManRonnie,2024-07-23 15:11:22,https://www.reddit.com/r/dataengineering/comments/1eaa9gm/incremental_load_lh_microsoft_fabric/,False,False,False,False
1ea77j6,Introducing Airbyte Refreshes: Reimport Historical Data with Zero Downtime,1,0,arimbr,2024-07-23 12:59:13,https://airbyte.com/blog/introducing-refreshes-reimport-historical-data-with-zero-downtime,False,False,False,False
1e9vs90,Help me design a dragon database,1,0,Ultra_Amp,2024-07-23 01:45:22,https://www.reddit.com/r/dataengineering/comments/1e9vs90/help_me_design_a_dragon_database/,False,False,False,False
1e9q0k9,"What does ""Metadata Management"" Mean to you?",0,1,AMDataLake,2024-07-22 21:28:48,https://www.reddit.com/r/dataengineering/comments/1e9q0k9/what_does_metadata_management_mean_to_you/,False,False,False,False
